{
  "results": [
    {
      "command": "npm run build",
      "mean": 10.926037202195001,
      "stddev": 0.8204832891370138,
      "median": 10.56651626782,
      "user": 17.4792526,
      "system": 4.392102229999999,
      "min": 10.489705438320001,
      "max": 12.888847933320001,
      "times": [
        12.888847933320001,
        11.11933759232,
        10.59066003032,
        10.542372505320001,
        10.489705438320001,
        10.53321521432,
        10.493224514320001,
        10.750934389320001
      ],
      "exit_codes": [
        0,
        0,
        0,
        0,
        0,
        0,
        0,
        0
      ]
    }
  ]
}
