{
  "results": [
    {
      "command": "npm run test:ci",
      "mean": 2.19817040616,
      "stddev": 0.2333534694369737,
      "median": 2.14966192516,
      "user": 2.286896705,
      "system": 0.538310655,
      "min": 1.96737079466,
      "max": 2.65528676466,
      "times": [
        2.65528676466,
        1.96737079466,
        2.33352058766,
        2.15215352366,
        2.14717032666,
        2.32903798166,
        2.01731499966,
        1.98350827066
      ],
      "exit_codes": [
        0,
        0,
        0,
        0,
        0,
        0,
        0,
        0
      ]
    }
  ]
}
