{
  "results": [
    {
      "command": "rm -rf ./node_modules/.cache && yarn run build",
      "mean": 10.700353033,
      "stddev": 0.09172459729742757,
      "median": 10.673870287000002,
      "user": 17.483435179999997,
      "system": 4.2216401999999995,
      "min": 10.626072037,
      "max": 10.855662778000001,
      "times": [
        10.855662778000001,
        10.626072037,
        10.642865344,
        10.673870287000002,
        10.703294719
      ],
      "exit_codes": [
        0,
        0,
        0,
        0,
        0
      ]
    }
  ]
}
