{
  "results": [
    {
      "command": "rm -rf ./node_modules/.cache && npm run build",
      "mean": 11.73196968914,
      "stddev": 0.7041194433631067,
      "median": 11.58827330214,
      "user": 18.07330772,
      "system": 4.90262736,
      "min": 11.075183319139999,
      "max": 12.916855888139999,
      "times": [
        12.916855888139999,
        11.702987861139999,
        11.58827330214,
        11.075183319139999,
        11.376548075139999
      ],
      "exit_codes": [
        0,
        0,
        0,
        0,
        0
      ]
    }
  ]
}
