{
  "results": [
    {
      "command": "rm -rf ./node_modules/.cache && pnpm run build",
      "mean": 7.565374584759999,
      "stddev": 0.21160319799976698,
      "median": 7.47076899076,
      "user": 13.025176459999997,
      "system": 3.01593584,
      "min": 7.4321441647599995,
      "max": 7.93954009776,
      "times": [
        7.93954009776,
        7.46307996976,
        7.47076899076,
        7.52133970076,
        7.4321441647599995
      ],
      "exit_codes": [
        0,
        0,
        0,
        0,
        0
      ]
    }
  ]
}
