{
  "results": [
    {
      "command": "yarn run build",
      "mean": 10.972749371689998,
      "stddev": 0.7872123661054699,
      "median": 10.59839755094,
      "user": 17.728448059999998,
      "system": 4.318448805,
      "min": 10.42901551194,
      "max": 12.69216064694,
      "times": [
        11.544415212939999,
        10.43799116894,
        10.593667202939999,
        10.947226985939999,
        10.42901551194,
        10.603127898939999,
        10.53439034494,
        12.69216064694
      ],
      "exit_codes": [
        0,
        0,
        0,
        0,
        0,
        0,
        0,
        0
      ]
    }
  ]
}
