{
  "results": [
    {
      "command": "yarn run test:ci",
      "mean": 1.7940787539750003,
      "stddev": 0.22626197371079965,
      "median": 1.7080433406000002,
      "user": 1.844965815,
      "system": 0.43581079,
      "min": 1.6890049231000002,
      "max": 2.3493082361,
      "times": [
        2.3493082361,
        1.7237850971,
        1.7033579901000002,
        1.6982487961000001,
        1.6945048441,
        1.7127286911000001,
        1.6890049231000002,
        1.7816914541000002
      ],
      "exit_codes": [
        0,
        0,
        0,
        0,
        0,
        0,
        0,
        0
      ]
    }
  ]
}
