{
  "results": [
    {
      "command": "pnpm run test:ci",
      "mean": 2.3091575032450002,
      "stddev": 0.21022644972787627,
      "median": 2.2281672821200003,
      "user": 2.238880595,
      "system": 0.6357334450000001,
      "min": 2.18083264762,
      "max": 2.81306148662,
      "times": [
        2.81306148662,
        2.18083264762,
        2.2220187146200003,
        2.2105739786200003,
        2.35765124562,
        2.2405797626200004,
        2.23431584962,
        2.2142263406200002
      ],
      "exit_codes": [
        0,
        0,
        0,
        0,
        0,
        0,
        0,
        0
      ]
    }
  ]
}
