{
  "results": [
    {
      "command": "pnpm run build",
      "mean": 7.1974844048649995,
      "stddev": 0.47161685607812454,
      "median": 7.01282013574,
      "user": 11.897677345000002,
      "system": 2.862156745,
      "min": 6.93808616224,
      "max": 8.34669465824,
      "times": [
        8.34669465824,
        7.04199900024,
        6.98244627324,
        7.17737679324,
        6.93808616224,
        7.1313871962399995,
        6.98364127124,
        6.97824388424
      ],
      "exit_codes": [
        0,
        0,
        0,
        0,
        0,
        0,
        0,
        0
      ]
    }
  ]
}
